"mu11"	"mu12"	"mu13"	"mu21"	"mu22"	"mu23"	"min11"	"min12"	"min13"	"min21"	"min22"	"min23"	"max11"	"max12"	"max13"	"max21"	"max22"	"max23"	"std11"	"std12"	"std13"	"std21"	"std22"	"std23"	"muMaxC1"	"minMaxC1"	"maxMaxC1"	"stdMaxC1"	"muMaxC2"	"minMaxC2"	"maxMaxC2"	"stdMaxC2"
0.621483924278085	0.656058656518886	0.407860728910842	0.353981182066017	0.724448561277012	0.575483289625592	0.504822608852017	0.514165310233795	0.283541059551155	0.286035797388956	0.595258068078623	0.341369439615094	0.687949087342976	0.794127848335727	0.54567070988344	0.500135584060259	0.808641375706898	0.691792284670434	0.0487197446382397	0.0840738608755273	0.0916629103120359	0.0681931970108618	0.0817128489768986	0.0910923474857301	1.86482896981132	0.912575008286267	2.29835264266841	0.399364354262253	1.80132454653476	0.605951761222398	2.92281634164602	0.654960853477134
0.516498178120265	0.637965415409264	0.567528911453919	0.377884592885867	0.825223957336656	0.414654958420344	0.46559102153565	0.533364332564463	0.197257826919744	0.0558555216984781	0.646929680201337	0.347675948349099	0.618886745399854	0.862736547495405	0.626697346074845	0.439654509248685	0.903783048405969	0.650021321243169	0.0230010382769948	0.03184756452114	0.0513392641997702	0.0450093057757036	0.0258994362336857	0.0401601549876173	2.23545304456398	0.884100881501943	3.02925821423209	0.412098541181373	1.98503856467628	0.852264007274805	3.22972613238639	0.294582591283047
0.689715936569953	0.610714449327289	0.384079445223245	0.382856927539247	0.785060474045566	0.477476171666034	0.583067025750535	0.545532856361529	0.252367897954434	0.217983120711654	0.657405250390174	0.370865891373981	0.732231222912792	0.763192061426959	0.455920584232337	0.570406627340734	0.830464350136084	0.664943391289201	0.0191025491566493	0.0348644063197316	0.0475206159327619	0.0610038614089823	0.0327429551061968	0.0664045861971869	1.70091303646234	1.09984466356891	2.67193563240289	0.364558975042048	1.29878638825413	0.608267379206837	2.42179046550411	0.390451950955735
0.565784959567609	0.742631818142204	0.3558083056659	0.104316372965477	0.95220955870041	0.282675149642021	0.482687467087094	0.684744813460767	0.222337018986439	-0.0223332949188173	0.899770463718858	0.179997173663623	0.608706356047459	0.843556929231957	0.486079974707404	0.264514545898541	0.979069776827745	0.388917133823675	0.0164637848781759	0.0185568112327653	0.0342272718638247	0.0389461821218466	0.0101611793294633	0.0298548123542778	2.36889387199898	1.0101599263711	3.97107008653736	0.450860765835892	1.891315235193	0.871717243525205	2.99794798239304	0.321823155084176
0.676884764918765	0.64982893613792	0.340138912427744	0.304937782423558	0.893109625342038	0.30990982115631	0.627044481970326	0.530408725902354	0.259147470073398	0.0585762100698616	0.842704821270099	0.138630818764837	0.761043297331302	0.690254487807964	0.449643294460605	0.462487886525826	0.963824926283498	0.388411250721618	0.0346205617113077	0.0309751912175222	0.0414171025950993	0.083618052660313	0.0340165514043981	0.0723809515637474	2.51567029738525	0.749749361529165	3.89767162075369	0.841309807207858	2.3545777106531	0.501641147858907	4.48232934763678	1.43885784013621
0.543943920368104	0.706072620498365	0.45089988085085	0.0834778990846625	0.87547517641631	0.470106260662688	0.499080762326151	0.636351533541158	0.371816289797553	0.0114119951762828	0.818757023295319	0.32299160121269	0.578667280590579	0.761169593963223	0.560831233409458	0.237411088224741	0.936382421171146	0.548782126560856	0.0117491467886237	0.0256683784197425	0.0387661041428534	0.0478010698475198	0.0218689986787431	0.0535746752342978	1.51991085386573	0.622627538251481	2.09403401060993	0.198214365821864	0.761622837040252	0.461900863000878	1.39441980426734	0.152246179649405
0.655426792234336	0.625472248336279	0.421522203941204	0.410671073171395	0.82251823928994	0.388982628278267	0.599189414314901	0.56346391459621	0.269317589660655	0.206983993141135	0.731635196107834	0.304582862816308	0.718748682152992	0.706041784877649	0.540605430656236	0.479626203380472	0.859511441741088	0.575317116552992	0.0141015569401695	0.0180725319095837	0.0315442498966246	0.0368318776176309	0.0155216902821006	0.0437150021007723	1.49486946581439	0.89087501858689	3.2757883784837	0.334386910523578	1.37424391999881	0.51822940453311	2.46737974233382	0.347437008490489
0.47209074850077	0.799991209500281	0.368530501805482	0.0820222209143818	0.949144111722747	0.300179573928143	0.426379786282286	0.742133948204933	0.240062877204687	-0.0629966746816731	0.923454609013742	0.184293479839411	0.534464943365658	0.844238912820615	0.482509778190934	0.150899877129228	0.980850310836334	0.380707300921686	0.0176589209713302	0.0146149956681447	0.0285178690173284	0.0344166238018561	0.0096315702660193	0.0320677591439974	2.36835049764086	1.11728147058492	3.5893675491633	0.381546985518601	2.19021558697529	0.825350397562085	3.63229730935525	0.422881355098533
0.739886779072833	0.627675753673443	0.241554077233752	0.549558106103354	0.817823194978113	0.168918232488558	0.721212489195469	0.610402297346495	0.217191609276512	0.508147459792879	0.797816449269863	0.126043337921481	0.753667699554868	0.646725022666758	0.276356840204112	0.58687175602007	0.837559206121385	0.220898840960685	0.00672502033131693	0.007523150206799	0.0119176582061481	0.0140839846864106	0.00711415279330767	0.0193042966880861	2.82835754909539	1.99787472342834	3.27740421111199	0.276484729832643	1.67609828685338	1.2602677413136	2.25367504955909	0.160644311959727
0.523381618191928	0.714050187300748	0.462975255052105	0.11147220392503	0.902877018677461	0.408414345601438	0.469825992386664	0.64475787852716	0.379284676558186	0.0314883178045848	0.839357516606405	0.277151454287621	0.558805666437436	0.765794835829534	0.567456723286611	0.233437946561821	0.951153062196439	0.533125599363592	0.0178971908072684	0.0179799651341347	0.0350145889830835	0.0561657437326981	0.0167829024041939	0.0467292937321645	1.53871497580672	0.639034573320658	3.71604261268809	0.351108437270993	0.927684262878093	0.469046420206797	3.01778839415603	0.434920244937603
0.694998223276323	0.620673467070882	0.361802491136585	0.434655214240022	0.837922486675231	0.32106052010269	0.663944983325715	0.483623929143783	0.250677455987468	0.212821096586158	0.795443311211015	0.230064357453058	0.75805086319805	0.674821227212511	0.488596498780951	0.498628603003812	0.918910181918363	0.487571750038777	0.00976128652147154	0.0139322710345466	0.0235159206169857	0.0407243294033768	0.0138054272639939	0.0635800980381192	1.69730424988514	1.08289569489445	3.19806512212259	0.417322756364495	1.14274881815629	0.651801859687586	3.12598813847824	0.625990169269513
0.709043514442124	0.615129801427651	0.337734534912778	0.405038225704904	0.721822532244872	0.551393648370561	0.610954160251357	0.497565366441524	0.275120184784746	0.243031995972127	0.578245392956832	0.460487416238596	0.755308937384332	0.742323310960639	0.427018872983042	0.556290410611518	0.778988209358562	0.665212705530433	0.0311144120762573	0.0494562697728115	0.0394238957576572	0.0804756161066013	0.045393135612554	0.0520303858927684	1.60433701493738	0.91072648997177	2.34416153155004	0.426643492887278	1.13721978604317	0.556646587372025	2.52187457612999	0.602921184665026
0.50370695310082	0.730448835491505	0.45998881456566	0.0724422061273448	0.906886931591093	0.41087117693529	0.426883027579449	0.656166969574265	0.42879831781322	0.00134789414087589	0.887260288644787	0.282246555277069	0.524070091624961	0.756386296747342	0.562103461376519	0.216955977550434	0.95538663611713	0.460261325369386	0.0163521089771964	0.0129516453806547	0.0265776296614043	0.0446925200445368	0.012155695875562	0.0370235661093899	1.55108772712648	0.885042891421457	2.29513068496449	0.198898104746868	0.827179596482826	0.484664732405474	2.05916174943165	0.261498967149858
0.607892095829372	0.698529847483042	0.375489895369861	0.174098345559755	0.933506913692	0.309070798209497	0.545696919783581	0.580702591836207	0.272459518444643	0.0160515387451778	0.882038283693548	0.171628712044584	0.661626592520938	0.761139411437237	0.589519217254428	0.33746979634771	0.969442173109447	0.440387842787932	0.0157356572416635	0.0199777029141547	0.0297337227661276	0.0424374842153331	0.0120561443814482	0.0279992403203536	2.03520946790886	0.674350576882548	4.31585309708224	0.430613892529863	1.57093389097182	0.600998756024711	3.65556164321286	0.373415358898053
0.566890250154635	0.705999014257352	0.422964858151125	0.170954668444982	0.921456066135852	0.345478006796578	0.502241392045345	0.618667160054083	0.343047464123172	0.000530358984901224	0.873963609239528	0.228570209174749	0.60375750937922	0.760276026807386	0.571740761639108	0.287173560868633	0.953563464602968	0.465097114685085	0.0175668948331255	0.0159425826917801	0.0272157121709255	0.0398808549302462	0.0125846230183572	0.0243456260809384	1.33469491518156	0.563822160417988	3.43834443431484	0.387301035485907	1.20737392183899	0.515403114515407	2.91738606836083	0.386069009347013
0.698798109742366	0.653442054015279	0.290149425243241	0.526948655334518	0.826945383533237	0.192001984646517	0.682115496242528	0.501654716168298	0.263187166067048	0.186501241416506	0.805357814640703	0.147217326916417	0.81695223673617	0.675790351925604	0.335821159792341	0.565415286625525	0.928070465883993	0.322339102970723	0.0117993029509597	0.015301917034502	0.0117537408121248	0.0316861977481439	0.0123185040426681	0.0218445924454272	2.25649214994379	1.77320011792656	3.02931648277071	0.233671456588185	1.42926145150296	0.992032977793303	2.84984127765356	0.465725391680492
0.723585914350501	0.586989520440308	0.357203077366575	0.410974535350941	0.772039041449857	0.477527811725255	0.580462475236991	0.518681897096759	0.157667372915161	0.296313669252849	0.488230393127792	0.227717111073524	0.76082086378394	0.798876908140282	0.449101856188364	0.567936327504867	0.801174758262349	0.662630674755226	0.0259038651290068	0.0362916318947995	0.0485890338420852	0.0459526385973488	0.040814716986149	0.0580582510771277	1.86599781719947	0.952208670194337	2.71726704855996	0.314976239021063	1.44314036065925	0.755227372227524	5.35839418604433	0.593546777777463
0.655549590795215	0.70545347594888	0.267532867832249	0.214495401692335	0.965484370100565	0.147096237138932	0.624945607696858	0.691530288361519	0.215672751256744	0.201531296028073	0.956898735837203	0.140013337163544	0.685392452251785	0.719015359410272	0.31460457763734	0.243317937692785	0.969128224292013	0.158559738111833	0.0155053412788538	0.00643392277386672	0.0282488793268144	0.0125258321913615	0.00375158799523391	0.00596043640176844	1.93235039836646	1.68950517529529	2.25589077221476	0.135387086713174	4.82366913080989	3.54749767698737	5.65828497727367	0.723758566873754
0.489710267018077	0.727432321424614	0.478807192000116	0.118298329781937	0.934080461587001	0.330560083253846	0.421637169384308	0.682573911843954	0.420215793278992	0.00951437632385919	0.877780464962605	0.239863541560314	0.529696957347111	0.778846953517173	0.557755413669963	0.209344490798691	0.96773263717496	0.465980149987751	0.0219310273788889	0.0163424382941636	0.0322038638771903	0.0460100464522113	0.015589598533484	0.043658260941914	1.43272419462087	0.76114463081781	2.88073527056578	0.439095946726619	1.20555244505311	0.501934686616923	2.50244495917735	0.441550817571035
0.55982597749856	0.698153079886	0.442027813029038	0.206278507461667	0.895378519863816	0.383985011504989	0.482885097646089	0.593393201684627	0.33286995108317	0.0922184760819937	0.797148676399315	0.266070295250525	0.600817226363015	0.776048431037195	0.593538686619804	0.369531829060098	0.951505990956384	0.588066220992821	0.0256086574511534	0.029092209822559	0.0482913016858834	0.0619365250463673	0.0325447227039122	0.0592176188679704	1.40296822466975	0.62003118133528	3.0648068925356	0.635396840928174	1.19587112914594	0.517362829639982	2.38413224109148	0.478088084464452
0.588633216444244	0.695880492240239	0.409206102840809	0.231311609853903	0.905974270101124	0.347548274381415	0.512277033457014	0.597671957038466	0.340955448301108	0.0314244499493151	0.855681109400116	0.197664163198052	0.652523450126018	0.750390086780162	0.528699242028202	0.368790140848145	0.954740791506631	0.470210937378093	0.0186287565042301	0.023074409215967	0.0305837766159059	0.0513692965123323	0.0208658671801228	0.043014047615192	1.62464149033043	0.632159406837388	3.80378960087371	0.496438735163828	1.35492880050312	0.510336103606758	3.25477139596312	0.485180296740671
0.532469085916985	0.743623194519365	0.403004774535659	0.119242554408577	0.937340407913057	0.324179812708123	0.463969115544442	0.659185013637057	0.20328605474106	-0.0610950970325885	0.882261388220238	0.222667730884018	0.590521018298743	0.851751960929734	0.521577402618583	0.257591540286702	0.971985040597023	0.445688245331262	0.0178181791603629	0.015788633271791	0.0228448563276136	0.0358524390622195	0.01003174287337	0.0263844232072476	1.93687101217613	0.647986690027229	3.79992873576735	0.370772244363471	1.6394256467839	0.544109798467908	3.57489011423332	0.335693280542703
0.714381262032328	0.594947215091725	0.366312994955617	0.454877323417409	0.812665849888306	0.345001529105107	0.682581634396926	0.532501944292417	0.249320887736153	0.191641239504021	0.778426027998913	0.219366989708995	0.783576383854541	0.634386518563548	0.419616283967822	0.549472507054948	0.870806489983707	0.501555494350959	0.0173641779072144	0.0165940657513996	0.0308475391963091	0.0642676749132512	0.0141877262195003	0.0972181079789231	1.72887136485812	1.02339932076748	2.65041145966539	0.509402066459528	1.17677036246044	0.588044831346308	2.46137935902273	0.505338684585569
0.504921114301876	0.76932253405162	0.390132680461258	0.106048883049088	0.942135869667605	0.315367488444784	0.442772020053529	0.696973107287007	0.245608371289674	-0.046690098326751	0.894657150993344	0.207586535978957	0.54668545423515	0.846733301891926	0.509179780907831	0.224587905676722	0.977101767882187	0.403546626711807	0.0157793404595521	0.0140326552261635	0.0234251242591259	0.0295594517256014	0.00904504030105053	0.0268792114733608	2.25768572848317	1.20641342852858	3.91263632735959	0.360568106989393	1.91138646554859	1.02742327053617	3.23336144369717	0.334456553559067
0.55624965351755	0.708282271391559	0.434103098289149	0.0693060296439483	0.842657689174799	0.532886865607768	0.531399571135207	0.685310747921827	0.395061472017325	0.0349320982036877	0.806886195029398	0.47531015095373	0.587968695781478	0.72469411790649	0.457531394292308	0.123918766637437	0.871047874502544	0.586404899350819	0.0125700361764346	0.0086095180424201	0.0159777353658476	0.022567258545413	0.0133922279890003	0.0221987661796392	1.49675347256897	1.27776962673962	1.81508877895697	0.118977666629116	0.739953214735357	0.534955025710488	0.92660692547902	0.104568534745215
0.698274464013452	0.650614754211294	0.297663708492429	0.537460535881194	0.817914997288203	0.200454076883278	0.681616916825976	0.514772483462886	0.271095617885241	0.197974592235545	0.798195527564674	0.175431752305743	0.805634920528076	0.669539644167322	0.33473912646822	0.565925426450975	0.909721520555636	0.364983309025373	0.0117353052302308	0.0155446033082783	0.0115972900120099	0.0367752577531216	0.0142934614653579	0.0207209986944305	2.04170727873825	1.54728586782754	2.59144425225854	0.212208787647248	1.15196753106867	0.78222633416506	2.37002810625405	0.281920703745001
0.521085916182108	0.769691906441237	0.365730994861114	0.087853551289118	0.949348521641969	0.297078572364234	0.458912074014082	0.710616149020112	0.207710855883287	-0.0447145962587467	0.891014457535824	0.202729261750557	0.568251882652438	0.858063424137518	0.5229738416504	0.240500382902652	0.978646502276316	0.43010928788982	0.0182445992932807	0.0213265268344746	0.0387448977637816	0.0375676503092614	0.0120529820595292	0.0348124852139322	2.50607305068642	1.22061337317248	4.04753101106107	0.421638393868063	2.0492343674452	1.12353596196147	2.88734702454433	0.32366683631359
0.608830155233908	0.73060619777987	0.305803879388287	0.164897798567271	0.951985377142794	0.230660917024772	0.53961495057705	0.651788127523668	0.231496189667869	0.0143002040449128	0.920046359296748	0.174846869274371	0.665988689685884	0.785945299881257	0.427928718278582	0.326114731025409	0.979552966134642	0.302811894992994	0.0293934812692487	0.0256264339224647	0.0226192440612768	0.1106379661929	0.0188436565031381	0.0280056962887246	2.2850310308895	1.39412280203652	3.5379384148756	0.405529697018747	2.17679607482172	1.06629698764017	3.48968849986995	0.683757564188076
0.69228479728293	0.658628289792625	0.294049087537512	0.495827543261562	0.845646402557725	0.195044295239305	0.67519104672625	0.640009431308934	0.246836450417112	0.462661316292103	0.822092170521429	0.13238670411297	0.717373993606539	0.694243607055493	0.335250284465078	0.528939783823139	0.872415926743342	0.257224219706894	0.00812754073603652	0.00752672532291049	0.0191004947859404	0.0124622294004157	0.0103924913532308	0.0271191390473999	2.56837438661149	1.73107763812102	3.39546280564611	0.336033495409783	2.37733195728323	1.15943218007067	3.5694679402655	0.569208398575937
0.646544307619658	0.683375110635316	0.336335720516628	0.199568711732148	0.936145040781629	0.276235676584277	0.564197821009877	0.570767733815359	0.221321770973554	0.00290467402256346	0.889938468419322	0.135038698713368	0.705998669412277	0.751268225020612	0.559919556362793	0.423225121254702	0.975561837933322	0.420372460988911	0.024087831493113	0.0250100432958435	0.0255314164157718	0.0778563160269232	0.0154291927608609	0.0346483692203603	2.22837858117898	0.776523077587449	5.28224013362171	0.439517498195317	1.79808471682074	0.58889947499539	4.01906462820418	0.427864200843033
0.725769158073547	0.640042805259443	0.251609900422694	0.522789740204472	0.833415138731924	0.176731049188446	0.704259640665128	0.6161249042249	0.216793134504551	0.485755686075341	0.808354176716621	0.133167166819955	0.7455361079438	0.661161174760894	0.285362623607813	0.562900852720585	0.858352120264721	0.209570680228518	0.00943295020885763	0.0107062675289345	0.00977285158766841	0.020526321272144	0.0133314664882978	0.0168528338221282	2.94966638440875	2.22993065789876	3.42636958925002	0.225521331912916	1.81608918227348	1.2537060833589	2.49739089573121	0.19343029685308
0.71338518034939	0.622538786409539	0.313402648775648	0.53144559689712	0.811016660177542	0.210845515019543	0.691741296779526	0.357020574301268	0.264402160285775	0.0767729620759788	0.758322910734441	0.097806509553538	0.858556357864732	0.655220963599464	0.433434652639615	0.585103310907407	0.954087686957147	0.453588057747789	0.0312748433751334	0.0599620982986944	0.0285740087481237	0.109712901575833	0.038299305204106	0.0458454204358482	1.87583081759477	0.850791721029769	2.94744956487987	0.349856774961699	1.08870861189222	0.574034871670929	2.6780472792924	0.377258820786596
0.588693025543008	0.715920853674296	0.373768488795923	0.135713548413656	0.945219188169541	0.293390916295739	0.518921350264598	0.623376403461761	0.230711691782966	-0.0270053590082691	0.893100802886741	0.180174674325667	0.635869607388954	0.808994416301088	0.551468284179405	0.351628165714197	0.977562227831455	0.395132756842892	0.0144028453879988	0.0165425070162598	0.0267220902197325	0.0368051071400915	0.00905520244555776	0.0250602634847438	2.1889166265982	0.818266481889614	4.23819632158582	0.404639077686609	1.73780790827707	0.612413140677845	2.98713499942989	0.325764891923336
0.734153165768349	0.636193164494308	0.236820240445301	0.506645743608404	0.848636480750292	0.150472842739457	0.712509417845944	0.618516850157128	0.205778991826219	0.457823642301521	0.824659074555073	0.126104709288398	0.748787248913771	0.657905580632565	0.260035093008409	0.543150638009312	0.879285548963811	0.192320346615619	0.00536680501552453	0.00799456724279225	0.0100672101606544	0.0153393985323145	0.00943387192630064	0.0126926478464354	3.1827413846905	2.62852207348346	3.70512383401074	0.203393364839993	2.06579272675076	1.49998880613687	2.66891508112649	0.166731891079101
0.626779444469374	0.62345011128521	0.463514653630116	0.360100065302348	0.828733301485956	0.42238252178488	0.558044853414905	0.537097973258656	0.290067096188633	0.215975630403255	0.743495838413869	0.330283093697486	0.668558348275546	0.710829900959697	0.595810599369712	0.443037009942647	0.862180740373679	0.632904783781238	0.0229351160707647	0.0253396269090258	0.0496302821364306	0.0521678869733696	0.0146311523777563	0.047056790341877	1.68090085222854	0.824670967193973	3.94327006356837	0.594578055779549	1.48969096531706	0.457277767781828	2.40060311445453	0.394696451573055
0.638996638054957	0.682021647214072	0.35311531314111	0.20220469675989	0.92561785867492	0.313252418924251	0.567529096353329	0.552732261497006	0.257167252690866	-0.00573571533077773	0.846097027371182	0.174607467253605	0.699964369700013	0.74846840200731	0.548462364848958	0.37796575002252	0.977908412766788	0.433523707133837	0.0170122821728229	0.0234256933933448	0.0316470419676999	0.0505877746524729	0.0156951318117492	0.03759193337559	2.12761289723895	0.710008458182364	3.88365816914456	0.484044620837934	1.57716332178735	0.528341022757471	4.51458465417832	0.433226009291008
0.665436859479224	0.675203436940927	0.315514558250956	0.276111892321112	0.928308818807266	0.230040780177722	0.611306471910741	0.585563655411131	0.215580673595815	0.0534855906079827	0.851444122453672	0.143172857652357	0.732103201652052	0.719914507264743	0.404324328827253	0.380810457811263	0.968170602717987	0.380085093813752	0.0261324632439385	0.0235079191287564	0.0226080295905872	0.0783139402569178	0.0190295891277969	0.0510031962162944	1.93612337509294	0.751071174902231	3.95346624507491	0.457220426007694	1.56506854563441	0.566347929741429	4.9269241898164	0.804614445988405
0.433455291954339	0.798245555236918	0.415736915346304	0.085658200924203	0.947273753682265	0.303682209267525	0.358096637642321	0.752370009530698	0.368725279242823	0.0352933312065789	0.919182199028612	0.197491237599951	0.468924645549115	0.85264004201413	0.506691857470098	0.16654364471978	0.979077288564723	0.387827431096435	0.0182094187818006	0.0209379320825528	0.0366735160252766	0.0292119275922041	0.0138633139858761	0.0459766320417508	1.73202812536396	1.06114673839443	2.80563173367579	0.348409299185041	1.50831946521435	0.842980399983696	2.71006727960938	0.425984850535837
0.394449223846972	0.8956644562743	0.204621681154185	0.14507294317271	0.90995530340304	0.388101644813633	0.371306604009507	0.885397362314809	0.190288641518801	0.127725583622622	0.899654926546668	0.359427028776035	0.420669316708314	0.904541687992759	0.226717805566462	0.16546024360041	0.921873576976448	0.414542102243658	0.0152353398480656	0.00579366257582552	0.00856771430863486	0.00798194959710352	0.00623299209377202	0.0149437887846464	3.66866792149144	3.31552926577411	4.00912047460171	0.175978323253743	2.0376561261893	1.84041899760676	2.22745236968049	0.0802308423907556
0.593814358043823	0.703331551157808	0.388875917861501	0.198133036549808	0.921970032384171	0.328065604442637	0.53368277035907	0.569793052103841	0.290615004487184	-0.00364516694380735	0.868192298208527	0.176389197963032	0.648533805668735	0.766667689368654	0.590295138153537	0.333539893043008	0.963148165540427	0.439296957656449	0.0161168503327526	0.0202530435960442	0.028552825887956	0.044368369257284	0.0155436880742721	0.0296358676071095	1.77156069783374	0.644694955379761	4.49431932932041	0.442410647934228	1.45097946895517	0.559500746900451	3.14762178847518	0.392857658874789
0.522569333975715	0.81733662632766	0.229594124414488	0.173768320572349	0.940745561352688	0.274075452687781	0.469105937961345	0.750011589919199	0.165965992801825	0.0242423078426858	0.917524853256442	0.214214446855079	0.592456772897192	0.863379974883717	0.333263403229863	0.297557824717199	0.975249474963044	0.333086783573662	0.0448951850083442	0.0435657607421686	0.049259184344121	0.0904810062354028	0.0227668085080439	0.0353396897891966	2.64525665371607	1.921659573474	3.285428531763	0.261151515862365	2.14612684349208	1.38643944207298	3.9563146756207	0.434843971970439
0.735721874098508	0.634916982953716	0.235515261096289	0.486045973466966	0.862519773366793	0.139475449948632	0.719221832610804	0.617992482053096	0.204306955428734	0.455016689527666	0.840763653946346	0.117480809467576	0.747680309578845	0.654185996672946	0.248773710463479	0.528429567289351	0.880038660197779	0.165329617620188	0.00460642220356335	0.00603937270130351	0.00837383240866893	0.0142174531759665	0.00755469653134207	0.0105210965999304	3.394501431893	2.89883647101156	3.92899450754813	0.173828910955026	2.39226858091956	1.99896080930963	3.11839699674162	0.254076534748374
0.651477237099734	0.614246528857825	0.440555904489322	0.369976980009451	0.805496902548153	0.449104119503139	0.594330264365168	0.551242051540572	0.271007424763177	0.234978089469968	0.710754329242274	0.251649775185773	0.702685539236885	0.708556662966292	0.553185425393508	0.569252981808748	0.847975125342514	0.642351231694912	0.0198921829077917	0.0308835888158066	0.0536229025265679	0.0672329077442893	0.0283877888745117	0.0858999567908433	1.55703916737486	0.881714569504131	2.76056903930477	0.478484059795151	1.4234709591315	0.605182150600708	2.20210421666637	0.379302236781861
0.732317542353294	0.50743815710954	0.452691052225138	0.624301354856509	0.758409208170012	0.183803669512474	0.700776281534768	0.459094767812331	0.401106215085869	0.584751230206859	0.71017316946229	0.152098365280112	0.748154893730803	0.532420650158407	0.496561309281075	0.678746651072872	0.794140895481878	0.213828028594257	0.0121585408065488	0.0185944582483695	0.0291680667635756	0.0258294783363142	0.0219036427261468	0.0137186509047589	0.980774983990145	0.860467296513554	1.14026967788778	0.0722965817831265	0.843625402421859	0.699191903435847	1.06356516978924	0.11044436961258
0.565243212802513	0.633155822976436	0.525739928388464	0.367252028909354	0.839893895007186	0.397038882041701	0.51714327337266	0.579218363027451	0.352302101848952	0.183373599821369	0.802646633281371	0.273788267893363	0.644877243258577	0.708290948188966	0.604533666293555	0.430268770882242	0.876262950828859	0.53498383251086	0.0256852092867377	0.0222049243041881	0.0454923182155653	0.0314140939460522	0.012119260162917	0.0306213382690229	2.27484455191591	0.670258088677454	3.94092771855396	0.630711602329762	1.88624007457056	0.522477525301346	2.3061318501329	0.358545071551056
0.452842261522306	0.866453397220636	0.204212807987866	0.167963416478083	0.923729179591554	0.340511325630438	0.424008911806116	0.74265800365528	0.178809226708665	0.0214792947702378	0.90213334829947	0.206285841256999	0.54254180468651	0.885196476143345	0.423875464352832	0.220781864177532	0.976851115222392	0.380504039304879	0.022148733929909	0.0241029085148963	0.0379504541758917	0.0387273426534964	0.0126699450234955	0.0304515257106147	3.15916946031902	2.13506883058305	3.7497670553228	0.288561619270252	2.05796056517093	1.4196095636196	2.46297196011282	0.167174051728345
0.63361261619561	0.70537089992066	0.314939490520088	0.277956053494618	0.928456074149571	0.22729707591597	0.590596158984227	0.593172875000206	0.243831487577943	0.0260603504623713	0.900719591690636	0.138589126739942	0.720041902098703	0.745361354711544	0.450952935406429	0.367625614369029	0.979691306943824	0.361794099143121	0.0288768844683609	0.027425609128696	0.0146618172592308	0.0898730788220012	0.0184539525578084	0.0251558101584465	2.0311793142113	1.18935807393614	4.03514844583605	0.293721602395948	2.19996898374862	0.6765631968981	3.10982618364972	0.506410823941299
0.454027470401612	0.77645079371229	0.43571047600721	0.316010401927744	0.550972204022455	0.771140146271004	0.41951263066026	0.757508205592115	0.410017010155171	0.256735227789691	0.524251595605574	0.737873858600191	0.50431586462821	0.790558772900178	0.463295152732397	0.381615720136879	0.598585627614144	0.810772374607845	0.0286048898028116	0.00996409619150421	0.0175994583169712	0.0338590435345053	0.020699381169762	0.0219533515101497	2.10142788862501	1.97903432515803	2.28683786440228	0.0970003698796109	1.84006932514355	1.53615793004303	2.15938259757349	0.197978703600979
0.549874436666041	0.739047676230212	0.387836459522746	0.118270317701111	0.944897261702818	0.30238187484702	0.472966181051034	0.669357364680832	0.252294452257439	-0.0567051197277504	0.889839999377695	0.21444059885269	0.602515071072959	0.842573169993084	0.523270468337123	0.270542878578469	0.970173822942849	0.423089510797079	0.0161557599230335	0.0155994231611355	0.0229218829052948	0.0334974933084129	0.00864246537777721	0.0234551145456299	2.17515823338312	0.939332115407871	4.04263240820997	0.37385209025335	1.78130135825837	0.766333743691087	3.68792621588191	0.30132629903489
0.685794203504005	0.664181895940478	0.2948827465592	0.328443954768691	0.922744753711434	0.189054899262215	0.636536767145689	0.545436532475268	0.238369798574413	0.160855185292232	0.851554101488485	0.113249128880212	0.755278065733152	0.685214148667784	0.520796286719986	0.464506130446285	0.942288963613834	0.365698685997468	0.0153909738283805	0.0146542145280398	0.0339751922026766	0.0358368929095694	0.0197502139585138	0.0573667813153076	2.00538019693061	1.42682411522205	4.56591510614039	0.548010124096978	1.08242703355907	0.625612507865222	4.81650577276127	0.997965330547972
0.749431291207923	0.624647790492807	0.219176775797343	0.552566028605623	0.821149696375347	0.141782660860408	0.737156437665095	0.609234814032647	0.194330852632115	0.517125840912657	0.799079388311508	0.10929150004741	0.763166447775539	0.63956137268779	0.251574302070376	0.588633887315267	0.841564428452031	0.174023055058243	0.00392594522750339	0.00547907839719006	0.00917667979946563	0.0105121332349059	0.00664588740355458	0.0112896794161113	2.93868706395397	2.37329325441302	3.39033888724743	0.188009182827712	1.78699753600695	1.33895775014842	2.17772471545193	0.136202754206948
0.431347734319225	0.817148247729789	0.38038161237647	0.0721645381386769	0.948413954105393	0.303403567274359	0.374758390290816	0.771718307766504	0.289286914153957	-0.0789184650856503	0.93000159331266	0.188437151173913	0.484219433430985	0.857839062092134	0.491433725915076	0.132313540791734	0.978909248054172	0.367473756695829	0.0201093434593992	0.0168067085613061	0.0292827168260689	0.0438383442236881	0.0106141132546397	0.0356661726325808	2.05287657370131	1.00179871697841	3.48960406174163	0.477359332792595	1.92987063048696	0.789622286904183	3.17405866324472	0.449258013972322
0.670454013276937	0.656589513989298	0.342456749644514	0.226756036567831	0.918856079384646	0.309370214247353	0.600823878570632	0.556214440759107	0.241505651840757	0.0221698626768331	0.837040945427841	0.155507568736988	0.730915446075175	0.721381697582301	0.478925145628899	0.394469664196061	0.971370826098925	0.412760403626971	0.0222255028097754	0.0257935067739245	0.0307755222489389	0.0753382186090989	0.0212116698546667	0.049550351436752	2.29795843700285	0.689999548285127	3.67508058569065	0.596236130303485	1.71922841033169	0.484268088041301	4.46465107156578	0.729875851281959
0.505621109435679	0.736426751789769	0.447427936323574	0.115318060637715	0.937851833789683	0.322430291073708	0.447271792496677	0.686811694457112	0.381578616138751	0.00904996923538039	0.891258095621024	0.237168076373056	0.549782299988643	0.781424507578395	0.544471016339953	0.193389994927366	0.96440233802032	0.445213869161702	0.0204485229767466	0.016244439680301	0.0339570373516151	0.0372097216677316	0.013514048365064	0.0401747340056976	1.67061263582896	0.602506852477578	3.27161306911475	0.480013587269373	1.49926445566829	0.510292772260558	3.38165130536344	0.380301407036423
0.711553263249354	0.608799801132519	0.349380959751449	0.473649480982784	0.84134727416908	0.251839035390571	0.693739689492158	0.412030922395587	0.247547442825657	0.089067022840137	0.801344300570156	0.180159605599276	0.801753437464122	0.637608959960129	0.458680940541542	0.527772814403226	0.956444424784069	0.480364630896582	0.011341590649593	0.0198627403456906	0.0216265170128935	0.0455380080581939	0.0132929905077723	0.0461694704312548	1.5118605224671	1.08119996601225	4.80956642305567	0.275135875582701	0.836480854003686	0.628667070664236	2.69003147754792	0.270677223299071
0.650608363297492	0.671285489786557	0.352473720783878	0.264201504125547	0.901309545801635	0.335650261921009	0.566905169853116	0.51339819588377	0.256373542546679	0.0573376353089016	0.820629511211815	0.165429196935615	0.715804712679743	0.725666513286854	0.644236618686877	0.422102288857909	0.95600040204397	0.454401320633809	0.0197945064293522	0.0252587918311349	0.0285963074680835	0.0579494818442236	0.0180501597116705	0.0386746626943719	1.99146438679953	0.70762463793461	5.66874883111544	0.482306035617616	1.61421310584137	0.483170944470824	4.18746687638446	0.507136968410509
0.630834041769326	0.704261102977132	0.32260990825709	0.171049374258242	0.94717078996451	0.252960861003274	0.557512592358314	0.594138957097042	0.211156885033325	0.00150828461156409	0.909797815529135	0.174249287327654	0.681935413099139	0.768611072652524	0.47226610439832	0.349506108609685	0.9811787637031	0.3768947247971	0.0267632728820904	0.025924761274461	0.0244942760524201	0.0916095412127544	0.0161970432138357	0.0311371495273906	2.27058050925583	0.960029598954497	4.11918396181864	0.429328593634154	2.03104576107575	0.755370394488182	3.49638504767229	0.526341696171025
0.676270717138886	0.678217978048553	0.286492644228764	0.292253445344793	0.9402986135294	0.167984805725556	0.635020741907464	0.630009673958187	0.203737566929418	0.0514494197463092	0.877124770640899	0.123159925428081	0.742385195451608	0.722109157816092	0.352945931811833	0.356370349137503	0.959369920991609	0.348608896820553	0.0118510966861205	0.0123612236611862	0.0176176070381071	0.0350644556873439	0.00919729408546105	0.0300972058089455	1.88376185858675	1.3012941735074	3.91587043743337	0.271360231293577	1.02416262606153	0.632890771964676	4.49905899115001	0.484737992301473
0.58506366927883	0.743340416092144	0.321905137091747	0.0893548287832478	0.958940613610157	0.264589582886185	0.502481586823525	0.671498221201621	0.204380061992056	0.0152008984960658	0.915135738647349	0.171360746665637	0.620727382353745	0.837398508974806	0.444873929483738	0.298074079887233	0.981926504787381	0.340874124123612	0.0176936365685674	0.0170185848858414	0.0304011142578829	0.0401656985623361	0.00922881245434021	0.0273756711318423	2.47378576622373	1.28123362191819	3.79127387840213	0.419578913290634	1.896357922488	0.993657074827918	3.60644419295717	0.339145276207145
0.533101240015247	0.661670338823283	0.522445140866915	0.350933214760674	0.845916676632397	0.389514736595054	0.479941062962555	0.582830032831131	0.307432216654849	0.0387592439918089	0.769159686212625	0.320019886963737	0.649905381012053	0.757134433842392	0.602510808342495	0.437161207696154	0.923090587747043	0.635828267686446	0.0314952365872778	0.0273866589087537	0.0577711872977409	0.0775655855122159	0.0205270951375573	0.056336097122067	2.32142175198784	0.922500887558299	3.22146311300276	0.445510636538046	1.99251735620099	1.01049179271783	2.54183806131357	0.356882545961422
0.564695327229847	0.736944252848541	0.36120447093372	0.270483450134446	0.685001427030758	0.655036152452138	0.469886963797162	0.669642351213051	0.322123470197042	0.0872751245767903	0.583209189518043	0.630076036036188	0.655444362917918	0.805907127334191	0.399957968180552	0.467821191844481	0.764538609667329	0.683948994931471	0.068675451775019	0.0542056275962066	0.0221571663107814	0.161779198665696	0.065753615214712	0.015449193773183	1.66383893173556	1.2704163137186	2.21548554076665	0.340382280556669	1.33331660751122	0.686818346088415	2.21225072453153	0.629633997359479
0.617766464599099	0.680173016230565	0.392422627291898	0.300764837995489	0.882553054533123	0.354714411841165	0.561461891447962	0.55336690341429	0.323181729433675	0.065187396850672	0.825265355257339	0.208535023473046	0.680718248031334	0.721873619454183	0.570422110261744	0.400085664338729	0.938901559506106	0.487766876701881	0.0175846156827406	0.0228556769646505	0.0300610648718232	0.0557251857580677	0.0166312272440475	0.0379558184640798	1.60470945372341	0.624391111738486	3.46951928719016	0.469860299742204	1.45289579380475	0.454585629500155	3.77639689291985	0.479770660868334
0.658142925191663	0.65334985252736	0.372499529148731	0.383802357552807	0.854318165871211	0.344600378171102	0.592313728176453	0.501888260302461	0.287125759120977	0.141568853089181	0.800476775663665	0.187415956600966	0.758836754022612	0.699426712948644	0.534114278230744	0.473375344414326	0.930574742008258	0.480492042575531	0.0196197657319088	0.023703070214487	0.0167390552920026	0.0521677204446736	0.0175961852227201	0.0325431553163533	1.90903282618464	0.97355192124997	3.21551812492847	0.334628300178372	1.72357303243115	0.556365031939685	4.31248502304291	0.52649760039325
0.499902401321762	0.667335742639903	0.541131555484186	0.303672645108333	0.836136732362987	0.433478533457417	0.449926017309169	0.610349137782656	0.352929405397553	0.0325071369665072	0.792641997669712	0.363503091170017	0.599225277012209	0.75936941104921	0.635134563178375	0.412225234502834	0.856485152170544	0.587453269168228	0.0459446950448076	0.0376963854265951	0.0935220123769723	0.12380483888799	0.0142315457327789	0.0762723109938784	2.35947146266685	1.43713299158934	3.42750147208105	0.475290368037644	1.8661423673711	0.511791033911005	2.45344275947315	0.615341567946416
0.681449994949649	0.663008899877995	0.309065028447342	0.46115003362607	0.866590108329653	0.18761151139656	0.660784814648825	0.634679067045434	0.255535456086045	0.364981892560097	0.842527461228396	0.124724426605217	0.712044607318844	0.695151618886597	0.354126974218262	0.490430726834752	0.922009514638798	0.258194938759021	0.0083186529493844	0.0093669890157049	0.0192372257103764	0.0180304703643738	0.0129208568937699	0.0260575035048332	2.6848243287944	1.6565373571165	3.61119715406987	0.345946066168202	2.82038243413233	0.68914682686978	4.21242339606374	0.594045827800596
0.468526604555416	0.791142659938661	0.391674593167354	0.0874883753956362	0.938065739505609	0.332359315349184	0.407352309114298	0.736536250531285	0.338865518239673	-0.0823324878224561	0.91654160115058	0.183344491026961	0.527584078268102	0.821801628871796	0.528941215007123	0.176976461196825	0.979594895382285	0.394563168884408	0.0162420538694984	0.0143285361719267	0.0264766798536987	0.0297772182381691	0.0103376672426124	0.0304485258012707	2.22852902038364	0.94989641149517	3.79794581486231	0.443564741348996	2.03852499846887	0.745537459753555	3.141168635112	0.394125279341882
0.60647684225374	0.720474693773153	0.334271000329249	0.116765397060856	0.954002890051927	0.27162736247632	0.522417249786275	0.632131493407186	0.236917818292969	0.00999411539964924	0.900815869927583	0.168773891558338	0.646271393723791	0.809743232903041	0.485297840153948	0.348507725632127	0.9813775787734	0.38313561227833	0.0166481829701702	0.0178742701186697	0.0277275239845743	0.0416123984019588	0.00924459971572457	0.0254317852926613	2.30242637957783	0.798610060007401	3.83209789589667	0.448017651599928	1.77009043126093	0.770969641141502	3.71846530485272	0.36752326334555
0.446255233069791	0.751280689335481	0.48465141660194	0.123084176103816	0.948049091956842	0.288149266674751	0.372764044140006	0.716695869518616	0.415816652560022	0.0397146283084855	0.89709183702842	0.215908256326437	0.486857637098966	0.798163568583783	0.575650660225861	0.19196427201269	0.972418370740228	0.420805410454585	0.0192591308317299	0.016888259699394	0.0301711436310991	0.0300432060836038	0.0150530073913642	0.0439633565817813	1.58026418911751	0.746638152466206	3.58888358285533	0.474395479149476	1.40661453683802	0.658093472170487	2.87954351074838	0.376861138198111
0.666485017378419	0.648890516611017	0.363617873584162	0.319396384334141	0.878037738742007	0.34552660280869	0.594684603076704	0.510121817778906	0.274790059640293	0.0983378083748834	0.817146257759366	0.154457495347648	0.74771769292988	0.694198387655433	0.605186502344709	0.438853652461077	0.945788569912088	0.440555830343348	0.0287392032349678	0.029265321582185	0.0290171637508764	0.0698003350176017	0.0286543816342135	0.0443239279008764	2.32026713608657	0.855423719649928	5.01024367321942	0.579900080323574	2.21333280086599	0.491491151876156	4.39557918952119	0.950807492871761
0.705102952118613	0.601489848086881	0.344682544083269	0.60538606996566	0.633006780325366	0.441199640050734	0.648785235906732	0.473475041940259	0.185947412550037	0.502554259487508	0.463893119731226	0.198667212960595	0.746000324393882	0.733233368733586	0.523384945376414	0.684609066458066	0.741692413583549	0.602333557286798	0.0203115636953098	0.0824998705179735	0.125976540284709	0.0705021023620147	0.0801841001431113	0.167989245773054	1.07116988029394	0.679460580484855	1.87621819358498	0.287807756596773	0.820071069764165	0.556352370673869	1.09786904438999	0.152313054835465
0.732663793464651	0.566347615684206	0.373217431131008	0.530270986835026	0.814534188017962	0.214799560814635	0.702804033202765	0.327122824982293	0.229336323917511	0.113000241313856	0.707764570878994	0.145224767535948	0.872582115115736	0.665404222925563	0.4468523424983	0.687296139113975	0.950479615945254	0.503616284390442	0.025091107561518	0.0423000782011707	0.028483826238674	0.0707146594281758	0.0313674573559578	0.0584749328208326	1.3149287333747	0.982733269381003	3.1680651447157	0.35604619826803	0.836276145967468	0.6426176466604	2.34468707423685	0.37935391816901
0.537544983778743	0.778397360778251	0.317787539544956	0.102947389062089	0.952395555735767	0.27834646316066	0.467361222960026	0.721405764967911	0.188639891313729	-0.0125871263531355	0.90538852682211	0.194331530790836	0.5783012682911	0.863550748174971	0.433702711151174	0.261738463609721	0.978694827589696	0.385410459461112	0.0257032740805924	0.0301823046430321	0.0510171724347624	0.0570325297798694	0.0161526365022272	0.0371218470400007	2.58478003282475	1.24842579102586	3.43637765054141	0.431582294829714	2.03466529410067	1.1094290275949	3.10524389487314	0.335908350698641
0.654010617656593	0.712438487391702	0.252052739079007	0.272344183843595	0.94618819920552	0.172598897542996	0.636407485535866	0.700070424896016	0.196225382343633	0.229756428858656	0.930489165452561	0.158287018956424	0.677143764429759	0.73567644218082	0.300600215622232	0.315755497793266	0.959919762354721	0.194634744426729	0.0110605088211638	0.00901831678629663	0.0318756062183631	0.0245312742342946	0.0088633174027507	0.0108507699046266	1.83383530015502	1.60934629146785	2.16195680425747	0.139104229145199	3.21874132134818	2.44402677789274	4.09169473152347	0.510072044227703
0.633681047970257	0.644722064849912	0.426264895076832	0.393727864263037	0.840033505176285	0.369876873942713	0.552508539674276	0.56529779467658	0.292689942957397	0.173790700089945	0.787220998667825	0.308356070352122	0.694681198561288	0.710249175189839	0.590166455672632	0.454862738455016	0.888275816216206	0.576391256267932	0.0135633628284426	0.0173062288934383	0.0244424784431895	0.0355198223239457	0.0114733514358372	0.0334951221682738	1.51684858465046	0.651959322524829	3.9351208769795	0.317125222973012	1.43986684100089	0.418986343509001	3.30958629966818	0.34262143068443
0.485100639227078	0.822845257084512	0.285931226150254	0.106993499794267	0.937157494365194	0.32206400433193	0.422894833028639	0.773319281621485	0.197253940167739	0.00306893539910457	0.900047107668767	0.211626131255427	0.536544027305805	0.88072438482186	0.380363032366466	0.225809732575711	0.971434273212171	0.399486189331229	0.029953672310024	0.0350422030840327	0.0615833219570791	0.0634800153255033	0.0218380275668196	0.046221463071453	2.68342909151923	1.29162142251487	3.31975768351923	0.358995331801369	2.10232315187221	1.37278894071916	3.32999427194571	0.42238882350791
0.560131397699832	0.620233124281907	0.545581538492632	0.379768577346312	0.821171148143597	0.421680787713952	0.508864113175557	0.568665902476782	0.326666252271841	0.264665329730153	0.726957495992467	0.359319744156296	0.635819033012033	0.725388221399222	0.61693513854563	0.455599042245732	0.861502540511666	0.617878484599768	0.0263325070277486	0.0261935475205975	0.050652171260655	0.0389819351821044	0.0170834610614225	0.0431921014462256	2.12589004771366	0.826666593916254	3.25481114462433	0.538674092931033	1.83467688320833	0.842504697929994	2.37730823312462	0.295709656922454
0.484764925960191	0.767037917030768	0.417939505197378	0.104229015444933	0.936054112701348	0.331895505997212	0.372870282739346	0.637834940786184	0.353569593795992	0.0167764403451176	0.900276545086764	0.182699166938616	0.530559598040197	0.802861002889241	0.673894903202395	0.196392867620131	0.980037889437889	0.414736107559364	0.018073770225279	0.0188514699320342	0.0361087236369452	0.0303825318169362	0.0138538250714744	0.0409180270401377	2.04340376613552	0.797053996477107	4.89860226748346	0.480441196961542	1.83625846493559	0.659990172186083	2.86704094210681	0.436836743683019
0.634481687722245	0.663244740951049	0.395719400418083	0.382509247172755	0.852975011639747	0.351370434496954	0.59244983930164	0.521994645743626	0.310926670682162	0.0710315034919303	0.799700599815899	0.276649409501454	0.718411194151273	0.703854244203886	0.549046476602402	0.452531344571631	0.925781945581855	0.509361518391351	0.0147743193117358	0.0164935060496186	0.0213451890188828	0.0398808742903339	0.0145001959251942	0.0293162029631418	1.62337640266364	0.757889284039674	3.19131208301065	0.337570666799874	1.53850871975571	0.456990261215201	3.31837886017839	0.412875620199233
0.738386090951514	0.631946448609869	0.234832559232134	0.53068444639682	0.832281535570701	0.158638098269365	0.712800831338151	0.606182134636015	0.197351003141307	0.487114486774148	0.812587529949106	0.123498471432146	0.756864133438423	0.65494068674755	0.268747551356674	0.566054470622941	0.857200271281198	0.195860192419973	0.00780991112830059	0.0102369407168741	0.0108557513321148	0.0155519508149952	0.00892412877919843	0.0139449691078804	3.0370563637115	2.39792090259058	3.60050578203868	0.212592758487652	1.86508546741642	1.25823640591746	2.49199417851644	0.157444998968157
0.617406535132975	0.693206482021104	0.369299105045623	0.254240086678189	0.898865760036212	0.350924894814532	0.560705815310717	0.554718061018581	0.30178286709555	0.012383896441044	0.838333475153568	0.139868466867931	0.696641712959468	0.744413174183372	0.591020955838642	0.37389939949658	0.961488076592679	0.455302723835273	0.01848869684729	0.0252200058115092	0.0302449626146382	0.0511221681264873	0.0187634422459621	0.0359120668777582	1.91979481751737	0.61710851941887	4.9879176055231	0.429808097258295	1.61102333088119	0.471556604807954	3.32249627098808	0.40015109803598
0.70428496367224	0.619740432593558	0.34345848024327	0.418887118631447	0.86328991814964	0.265980412508306	0.578673486189453	0.4565107192337	0.307303162492397	0.0325362191793689	0.798920565498485	0.143409785121039	0.796465687034554	0.681710730799298	0.644272276312435	0.494894291622479	0.959695356519754	0.397227638500491	0.0209852821371093	0.0290572640364511	0.0257932849870517	0.0811536929120375	0.0196154280806552	0.0398546949928069	1.65400244800651	1.24725339177072	5.43966144385225	0.382349718783901	0.993611564832796	0.706217398230305	2.79404178770373	0.366583849623975
0.694451692305073	0.660946592032156	0.283455784765463	0.476892873415968	0.860150042755407	0.177604438669467	0.676625038932404	0.637839404490349	0.237642337249314	0.437717489474274	0.838437536408951	0.124895555302981	0.725392217694314	0.677234495690623	0.323379665223219	0.514015931301687	0.888827953200752	0.25467635854913	0.00914351167867839	0.00697895128952034	0.0202376680809156	0.0125536315889598	0.0105026831227349	0.0301581701901853	2.77845702429243	1.88829615536441	3.56908360013301	0.373805668282642	2.58593524208594	1.40681229146565	3.67269594660392	0.627304259400329
0.687290350147683	0.658316960525274	0.304605141450381	0.488859464177661	0.848002270499931	0.196038766799686	0.654509856294629	0.487597706892402	0.262746887554873	0.167306754294845	0.81634904151157	0.0989872667905105	0.792756835841938	0.699123444712143	0.490187998152643	0.526943495224751	0.962589337982558	0.335236119847112	0.0146977815250314	0.0235187670235362	0.0266747481816955	0.0466584440005586	0.0199682633511277	0.0305842183351062	2.23324837262463	1.27361167357674	3.60796358113584	0.376366690337306	1.86363234403233	0.55300946095276	3.51768434179439	0.656710814168526
0.57305399060894	0.71497075382536	0.399237198684573	0.159644633463209	0.930266013731264	0.327191650233853	0.49954780426053	0.591747683215805	0.290163561460136	-0.00517392063017346	0.860134989797189	0.187855852786892	0.614520806108629	0.814352823126114	0.585526513938398	0.345626811802718	0.976808356838866	0.437134924064436	0.0156668413503542	0.0156082718531065	0.0233839098634296	0.0380725836497846	0.0116490738627553	0.0219015200523246	1.54201920612775	0.649251227283499	3.97368337147685	0.361513743080011	1.36103187320653	0.514558096438311	3.4032080098816	0.360790350289182
0.682915899802792	0.667481721139512	0.295896812614408	0.453180032215315	0.87314463102205	0.176852172341333	0.658842794628941	0.645595567461822	0.236991294779451	0.407328912537687	0.852773596097151	0.121472451119516	0.709900419541314	0.699748191380181	0.336490538636111	0.479925473324416	0.903846819010748	0.228820811718377	0.00976039816692659	0.0103357341631805	0.0184932673740091	0.0159492677647784	0.0113034084587742	0.0244223799561677	2.95666340267596	1.98046548211426	3.69147432242655	0.285493543765437	3.27787593055102	1.66111150895426	4.45970132975542	0.487424275312698
0.695720257994029	0.606848931797098	0.382614502177338	0.403355536514333	0.808187526020496	0.426405116477637	0.661284822633455	0.547325138405815	0.23600207309772	0.279317728115978	0.746404515244319	0.261306166815786	0.751461966151216	0.679978328358182	0.501695471871691	0.502917015913891	0.865461301461322	0.584993271073661	0.0134150330543692	0.0168112013804231	0.0292328722013311	0.029270294135484	0.013012687866064	0.0359951287863776	1.91489286091376	0.927270803555628	3.30811597303386	0.343121805821828	1.60577791766468	0.675253515498694	2.69654337924491	0.476213204642651
0.573310556836132	0.721061465295491	0.387954065775927	0.14628276798145	0.936825926736853	0.315032896618697	0.500588836473144	0.615741222146807	0.284422401377274	-0.0418110777001149	0.88558610832185	0.202633671911408	0.628478591297693	0.789287196027532	0.601839507771072	0.289658847722014	0.973190284961811	0.440550596823413	0.0154729682845214	0.0144026835983022	0.0207424543552859	0.0346333019412149	0.00928621563400426	0.0206707798440326	1.89902034706831	0.851571468655627	5.0684970699672	0.346631476859897	1.60120563743592	0.70061641203861	3.71206975971331	0.31928628829996
0.578823030450763	0.683434925686467	0.440501626864074	0.291311606656236	0.877063811475546	0.373925090286478	0.498791019629479	0.588994618349931	0.350090281135023	0.097127000868523	0.825936622859835	0.217461001296902	0.653372466900415	0.727579595718648	0.559394177812957	0.38972833645216	0.935869092828739	0.478754558956257	0.029076320661204	0.0265814044193073	0.0480219700787554	0.0653942903417159	0.0195526561069171	0.038056654317941	1.76018313868056	0.661551955671285	3.72524517233149	0.599037745677258	1.49737110592912	0.461579021400865	3.15980994646036	0.470758569130919
0.624416310793266	0.698128782912608	0.348142052236349	0.154141197368548	0.944900086123967	0.283203356940869	0.545484226261596	0.590283308502472	0.234516304230161	-0.00416195909131629	0.903432557589543	0.168513231079218	0.671964524190699	0.777039983690842	0.560746151058839	0.34958998692914	0.985690605133154	0.394118699743154	0.0165345165144601	0.0199323348843835	0.0291050154262554	0.0483936084211858	0.010978098258807	0.0271689207900589	2.19936146130043	0.780847068620301	4.41424579295605	0.475492240842679	1.69034770060943	0.562748265466649	3.55689503404852	0.389527409078299
0.544258521938897	0.723521074223474	0.423092299056099	0.133376993940539	0.933806230851179	0.328305492104308	0.447644802063221	0.6544772469871	0.255362275542878	-0.000623920096640728	0.829499275519724	0.225947493693533	0.584203421678456	0.856973884908603	0.563894875420375	0.271294826509048	0.964325720746706	0.488190607264907	0.0183700482265542	0.016218034355145	0.0263275828736314	0.0392438049051142	0.0121997855979702	0.0272874011345119	1.53886630218691	0.689409926573053	3.9694531707457	0.399363974875184	1.40878032427373	0.533059857978862	3.36216167647184	0.372712799096621
0.527332195162757	0.711661470029852	0.462161275754703	0.140912725391108	0.929129656826154	0.336807429671979	0.466374597883529	0.622848691304609	0.332107372523459	0.0137453429683787	0.848870136484664	0.211737187464397	0.569487654169231	0.80544542506432	0.576228670882511	0.298517749645765	0.969170625232725	0.490375403570396	0.0197469924840716	0.0200187730069382	0.0328744041388821	0.044911018388015	0.0147726696487868	0.0346088383476466	1.40149073530493	0.585935642347885	3.82053660797763	0.48118626727233	1.19437691893376	0.501132960984839	2.95200221482883	0.413843662561068
0.615426264377059	0.726808006609902	0.303317202401045	0.295752844989964	0.930737800094151	0.206872601356078	0.582531205537479	0.642187492879985	0.216232833179204	0.0448799014792293	0.911618557931667	0.157879640181318	0.708557046860497	0.756325246981064	0.34291275523297	0.34871430126515	0.97668572496327	0.25859317816161	0.0216783413700301	0.0184981274981625	0.0137861531559999	0.0569125316683833	0.0115248595120288	0.00996216601907431	2.11470284910215	1.36042220573248	2.87739070340093	0.26248915028178	2.68614921436461	0.94188990626563	3.33754031164301	0.413233638531973
0.640451677082675	0.672505155452119	0.368794453968162	0.337144441098841	0.874808154002625	0.340210682969971	0.584777207842993	0.540966123828558	0.297650393479688	0.0393356894731241	0.816849662266939	0.207347977659935	0.721578437385581	0.718591163145596	0.52797543061378	0.437374229014147	0.938608617462666	0.459348644987982	0.020769087475717	0.022838279173362	0.0244287003002705	0.0623976389496417	0.0195831308212843	0.032032118311086	1.73635264072019	0.700265127582434	3.59007323642877	0.407769175997298	1.58876035308807	0.414199195974249	4.04274786729384	0.500844812254411
0.515700103384142	0.725767965927431	0.454434695183388	0.0548292718650118	0.880485757030205	0.468075515163747	0.455909697443214	0.665863369364166	0.420359359671862	0.00810634581391948	0.828340632013329	0.328554266453076	0.538905869871145	0.783598088758836	0.560719082558977	0.228076283489659	0.922713734201128	0.543843168820344	0.0149500721734651	0.012453698700362	0.020788023520285	0.0388536573106067	0.0130594885891007	0.0314323671414778	1.51458869971592	0.723326719188959	1.95970886702787	0.17839269508304	0.807592146937264	0.545516139066714	1.87846315404301	0.14558324906239
0.603848632167157	0.661912322555265	0.440145653840099	0.351554750023207	0.860092959325378	0.364845362111984	0.532469110700729	0.560284938089625	0.352073908311611	0.104443557903723	0.813212624297816	0.261647904425932	0.66534296224438	0.706476507994319	0.592101234779878	0.418334680303849	0.915853222383344	0.497999578756154	0.0251292483312832	0.0238810474677072	0.0481204281703748	0.0467762449144551	0.0141126184091611	0.0340108364432198	1.64918968089217	0.649913236770375	3.76748312476883	0.645693789091542	1.51036247543529	0.443716339305982	3.13853448955998	0.476444821509844
0.593622469637082	0.747624848449531	0.296685441561174	0.293639501463452	0.935070486971644	0.195099875226614	0.562265859695906	0.699656605057864	0.249974652995361	0.0509517066510011	0.920589510949829	0.151193005184834	0.669323022059419	0.779898366954978	0.332286335640286	0.33247912690297	0.976747266261642	0.21639824975277	0.0164119236918537	0.0142222890621951	0.013544969732626	0.0338719977898467	0.00931752051640089	0.0117244631829807	2.28934473911233	1.22136135236144	3.09199401174278	0.43649041442252	3.13969444897252	1.32612433680463	4.49705611021601	0.364510277673006
0.572526309104549	0.705476183290928	0.41313342591671	0.111347485493249	0.785153893250532	0.601076254275178	0.42736814315863	0.64469489083186	0.348016706721175	0.0607598369050934	0.626739327567126	0.427604860313004	0.608027438721898	0.823307085393548	0.600628061667459	0.415516171299845	0.829821321539038	0.682315664881998	0.0380159963556366	0.0288808588149846	0.0410150102805971	0.0819794198826578	0.0402249659574275	0.0426762552445049	1.60814738740595	1.2076145276432	2.75139091580914	0.353958020787685	0.953582979443639	0.645298520578139	3.20738492973216	0.606887400377963
0.657462832229989	0.640253897033751	0.395950026316527	0.401252818664946	0.83466233819041	0.373442022089289	0.601820495757729	0.510663813895884	0.274927705750019	0.10192108603772	0.787136919064924	0.210039155608143	0.743521719457701	0.696612471551163	0.497706078907794	0.504062601660308	0.907973015331093	0.549896837835106	0.0153887539454101	0.0189756220968252	0.0210906572340757	0.035382739548405	0.0128236572454775	0.0382251632663983	1.73098079688101	0.847943655068602	3.47990227054028	0.342234557692513	1.58586425731306	0.536977521219728	3.22480919689116	0.449890083808157
0.742520619587781	0.63361880395153	0.216770392592173	0.533893002928315	0.834175572514306	0.137246162376219	0.727926190572681	0.611044341096145	0.192180020491979	0.496257937974678	0.812590295548962	0.111800160274694	0.75858865310622	0.648971823162671	0.247914393871015	0.568886834007063	0.858499689353335	0.167295947320975	0.00632574075267601	0.00791828823875715	0.00994230108004343	0.0111997983289458	0.00673567048149078	0.0101445487703554	3.12780762678148	2.6603905255404	3.63999686228337	0.170156963990909	2.02755281625648	1.6362927333416	2.53310207671228	0.158375190631983
0.456699945232409	0.870132058868781	0.182750897336672	0.177001063172182	0.92692838291991	0.328765677941517	0.430818239967937	0.794669218429818	0.15854828309512	0.0353285720203087	0.910859706140701	0.265271997061167	0.527824835233909	0.883640365024901	0.299836249627091	0.220509829946801	0.963283978567435	0.391497862771312	0.0167539622843538	0.0138241034849741	0.0209275581923978	0.0295206264066636	0.00776160899094475	0.0217904296245491	3.34767112014986	2.84343663304821	3.85850495870482	0.262206998733796	2.30004304232134	1.89580167317721	2.93036836645901	0.148051932446428
